index,Login Timestamp,User ID,Round-Trip Time [ms],IP Address,Country,Region,City,ASN,User Agent String,Browser Name and Version,OS Name and Version,Device Type,Login Successful,Is Attack IP,Is Account Takeover
1047513,2020-02-17 10:25:40.854,9084155980439359488,,51.174.133.75,NO,Vestfold og Telemark,Skien,29695,"Mozilla/5.0  (iPad; CPU OS 7_1 like Mac OS X) AppleWebKit/533.1 (KHTML, like Gecko Version/4.0 Mobile Safari/533.1 variation/277457",Android 2.3.3.2672,iOS 7.1,mobile,True,False,False
1037215,2020-02-17 08:10:34.865,-4324475583306590208,,38.135.39.94,US,-,-,393398,"Mozilla/5.0 (Linux; Android 5.5.1; CHM-U01) AppleWebKit/537.36 (KHTML, like Gecko) Chrome/81.0.4044.2917.138 Mobile Safari/537.36 variation/90236",Chrome Mobile 81.0.4044.2917,Android 5.5.1,mobile,False,True,False
1022811,2020-02-17 01:14:05.320,-4324475583306590208,,10.0.10.21,US,Illinois,Chicago,54903,Mozilla/5.0  (iPhone; CPU iPhone OS 11_2_6 like Mac OS X) Gecko/20081407 Firefox/20.0.0.1618 variation/193372,Firefox 20.0.0.1618,iOS 11.2.6,mobile,False,True,False
985301,2020-02-16 13:39:28.501,5794113125642819584,,37.97.47.54,NO,-,-,29695,"Mozilla/5.0  (X11; CrOS armv7l 5978.98.0) AppleWebKit/537.36 (KHTML, like Gecko Chrome/73.0.3654.0 Safari/537.36 variation/964",Chrome 73.0.3654,Chrome OS 5978.98.0,desktop,True,False,False
977678,2020-02-16 11:54:48.644,4828530737408480256,,38.135.39.32,US,-,-,393398,"Mozilla/5.0  (Android 6.0.99; Tablet; https://github.com/das-group/rba-dataset) AppleWebKit/537.36 (KHTML, like Gecko Chrome/81.0.4044.138 Mobile Safari/537.36 PHX/5.4 variation/97198",Chrome Mobile 81.0.4044,Android 6.0.99,mobile,True,True,False
955290,2020-02-16 04:58:28.145,930381973644256000,,209236125167,US,-,-,393398,"Mozilla/5.0  (Linux; Android 4.1; Galaxy Nexus Build/JRN84D) AppleWebKit/537.36 (KHTML, like Gecko Version/4.0 Chrome/85.0.4183.81 Mobile Safari/537.36Snapchat11.0.1.72 (SM-A805F; Android 10#A805FXXU4BTF7#29; gzip",Chrome Mobile WebView 85.0.4183,Android 4.1,mobile,False,True,False
953380,2020-02-16 03:56:04.260,2713003058029649920,,38.135.39.240,US,-,-,393398,"Mozilla/5.0  (Linux; Android 10.0.99) AppleWebKit/537.36 (KHTML, like Gecko Version/4.0 Chrome/88.0.4324.181 Mobile Safari/537.36 [TNMOBILE/Android 3.0.0]",Chrome Mobile WebView 88.0.4324,Android 10.0.99,mobile,True,True,False
939814,2020-02-15 19:34:33.926,-7193554430397419520,,38.135.39.245,US,-,-,393398,"Mozilla/5.0  (iPhone; CPU iPhone OS 11_2_6 like Mac OS X) AppleWebKit/537.36 (KHTML, like Gecko Chrome/48.0.2564.106 Mobile Safari/537.36 PHX/5.4 variation/147954",Chrome Mobile 48.0.2564,iOS 11.2.6,mobile,True,True,False
913233,2020-02-15 13:12:43.527,-4324475583306590208,,10.0.11.230,NO,Oslo County,Oslo,500021,"Mozilla/5.0  (Linux; U; Android 2.2) AppleWebKit/537.36 (KHTML, like Gecko Chrome/81.0.4044.1934.91 Mobile Safari/537.36",Chrome Mobile 81.0.4044.1934,Android 2.2,mobile,False,True,False
912198,2020-02-15 12:57:22.939,-9058612698453130240,,185.19.118.32,PL,┼ü├│d┼║ Voivodeship,Reczno,49528,"Mozilla/5.0 (Linux; Android 10.0.99; H30-U10) AppleWebKit/537.36 (KHTML, like Gecko) Chrome/81.0.4044.96 Mobile Safari/537.36 variation/10517",Chrome Mobile 81.0.4044,Android 10.0.99,mobile,True,False,False
910396,2020-02-15 12:29:39.965,-8343719474777979904,,176.124.63.200,NO,Troms og Finnmark,Hammerfest,200665,"Mozilla/5.0 (Linux; U; Android 13.0; i phone X Build/NRD90M; wv) AppleWebKit/537.36 (KHTML, like Gecko) Version/4.0 Chrome/85.0.4183.127 Mobile Safari/537.36 OPR/52.1.2254.54298",Opera Mobile 52.1.2254,Android 13.0,mobile,True,False,False
892917,2020-02-15 08:02:42.478,2055035701613100032,,89.238.65.86,DE,-,-,34240,"Mozilla/5.0  (Linux; Android 10.0.99) plus Build/PTBS29.401-25-5; wv AppleWebKit/537.36 (KHTML, like Gecko Version/4.0 Chrome/85.0.4183.81 Mobile Safari/537.36",Chrome Mobile WebView 85.0.4183,Android 10.0.99,mobile,True,False,False
882422,2020-02-15 02:55:53.802,-4324475583306590208,,38.135.39.246,US,-,-,393398,Mozilla/5.0  (iPhone; CPU iPhone OS 11_2_6 like Mac OS X) Gecko/20100101 Firefox/20.0.0.1722,Firefox 20.0.0.1722,iOS 11.2.6,mobile,False,True,False
875433,2020-02-14 21:26:16.485,-1528406496785580032,,103.41.190.143,ID,-,-,58397,"Mozilla/5.0 (Linux; U; Android 13.0; i phone X Build/NRD90M; wv) AppleWebKit/537.36 (KHTML, like Gecko) Version/4.0 Chrome/85.0.4183.127 Mobile Safari/537.36 OPR/52.1.2254.54298",Opera Mobile 52.1.2254,Android 13.0,mobile,True,False,False
869577,2020-02-14 19:27:58.202,-8130221780005990400,,170.39.76.236,US,-,-,393398,"Mozilla/5.0  (iPhone; CPU iPhone OS 9_3_4 like Mac OS X) AppleWebKit/605.1.15 (KHTML, like Gecko Chrome/71.0.3578.2896.2901.89 Mobile Safari/604.1",Chrome Mobile 71.0.3578.2896.2901,iOS 9.3.4,mobile,True,False,False
862462,2020-02-14 17:36:19.230,2434306362330200064,,103253202107,IN,Maharashtra,Thane,132996,"Mozilla/5.0  (Android 6.0.99; Tablet; https://github.com/das-group/rba-dataset) AppleWebKit/537.36 (KHTML, like Gecko Chrome/81.0.4044.138 Mobile Safari/537.36,gzip(gfe,gzip(gfe",Chrome Mobile 81.0.4044,Android 6.0.99,mobile,True,False,False
858247,2020-02-14 16:39:45.552,-3023038403477960192,,137.47.0.183,NO,-,-,29695,"Mozilla/5.0 (Macintosh; Intel Mac OS X 10_14_6) AppleWebKit/537.36 (KHTML, like Gecko) Chrome/86.0.4202.0 Safari/537.36",Chrome 86.0.4202,Mac OS X 10.14.6,desktop,True,False,False
858065,2020-02-14 16:37:38.420,-1667893487629870080,,81.166.64.136,NO,Rogaland,Stavanger,29695,"Mozilla/5.0  (iPad; CPU OS 8_2 like Mac OS X) AppleWebKit/533.1 (KHTML, like Gecko Version/4.0 Mobile Safari/533.1 variation/294317",Android 2.3.6,iOS 8.2,tablet,True,False,False
848046,2020-02-14 14:31:40.014,3189214359910069760,,51.174.0.194,NO,Vestland,Kleppesto,29695,"Mozilla/5.0  (iPad; CPU OS 8_2 like Mac OS X) AppleWebKit/533.1 (KHTML, like Gecko Version/4.0 Mobile Safari/533.1",Android 2.3.6,iOS 8.2,mobile,True,False,False
845699,2020-02-14 14:01:29.430,1812386460084940032,682.0,51175222115,NO,Oslo County,Oslo,29695,"Mozilla/5.0 (iPhone; CPU iPhone OS 12_5 like Mac OS X) AppleWebKit/605.1.15 (KHTML, like Gecko) Mobile/15E148 [TNMOBILE/iOS 2.13.0]",Mobile Safari UI/WKWebView ,iOS 12.5,mobile,True,False,False
845266,2020-02-14 13:55:55.134,934818700611981056,,81.167.55.90,NO,Vestfold og Telemark,Revetal,29695,"Mozilla/5.0  (Macintosh; Intel Mac OS X 10.9; https://github.com/das-group/rba-dataset) AppleWebKit/537.36 (KHTML, like Gecko Chrome/72.0.3626.121.121 Safari/537.36 Avast/72.0.1174.121",Chrome 72.0.3626.121,Mac OS X 10.9,desktop,True,False,False
837051,2020-02-14 12:09:34.173,4298574655127119872,,89.162.3.0,NO,Nordland,Bod├©,29695,"Mozilla/5.0 (Macintosh; Intel Mac OS X 10_14_6) AppleWebKit/537.36 (KHTML, like Gecko) Chrome/86.0.4202.0 Safari/537.36",Chrome 86.0.4202,Mac OS X 10.14.6,desktop,True,False,False
833095,2020-02-14 11:13:16.579,-1495462519761939968,,158.149.62.108,NO,-,-,29492,"Mozilla/5.0 (Macintosh; Intel Mac OS X 10_14_6) AppleWebKit/537.36 (KHTML, like Gecko) Chrome/69.0.3497.17.19.92 Safari/537.36",Chrome 69.0.3497.17.19,Mac OS X 10.14.6,desktop,True,False,False
819569,2020-02-14 07:59:40.166,2283421346849329920,,213.162.247.31,NO,-,-,28824,"Mozilla/5.0 (Macintosh; Intel Mac OS X 10_14_6) AppleWebKit/537.36 (KHTML, like Gecko) Chrome/69.0.3497.17.19.92 Safari/537.36",Chrome 69.0.3497.17.19,Mac OS X 10.14.6,desktop,True,False,False
818299,2020-02-14 07:38:50.402,-4026135663846199808,,158.248.67.245,BR,-,-,29695,Mozilla/5.0  (iPhone; CPU iPhone OS 11_2_6 like Mac OS X) Gecko/20150101 Firefox/20.0.0.1618 (Chrome,Firefox 20.0.0.1618,iOS 11.2.6,mobile,True,False,False
813069,2020-02-14 05:51:35.781,6603588285930250240,,10.0.11.17,US,New Jersey,Newark,54903,"Mozilla/5.0  (Linux; Android 4.1; Galaxy Nexus Build/JRN84D) power Build/QPES30.79-124-2; wv AppleWebKit/537.36 (KHTML, like Gecko Version/4.0 Chrome/85.0.4183.127 Mobile Safari/537.36 [TNMOBILE/Android 2.8.0]",Chrome Mobile WebView 85.0.4183,Android 4.1,mobile,False,True,False
813011,2020-02-14 05:50:15.401,-4324475583306590208,,103.252.6.43,IN,Maharashtra,Thane,132996,"Mozilla/5.0  (iPhone; CPU iPhone OS 11_2_6 like Mac OS X) AppleWebKit/537.36 (KHTML, like Gecko Chrome/81.0.4044.1934.129 Mobile Safari/537.36",Chrome Mobile 81.0.4044.1934,iOS 11.2.6,mobile,False,True,False
787019,2020-02-13 17:30:35.533,2660345588973029888,1026.0,92220222110,NO,Vestland,Radal,29695,"Mozilla/5.0  (iPhone; CPU iPhone OS 14_2_1 like Mac OS X) AppleWebKit/537.36 (KHTML, like Gecko Chrome/73.0.3654.0 Safari/537.36 variation/293625",Chrome 73.0.3654,iOS 14.2.1,tablet,True,False,False
784030,2020-02-13 16:52:16.412,-2845196592671090176,,45.130.53.64,US,Texas,Dallas,398986,"Mozilla/5.0  (iPhone; CPU iPhone OS 11_2_6 like Mac OS X) power AppleWebKit/537.36 (KHTML, like Gecko Chrome/81.0.4044.96 Mobile Safari/537.36 variation/151059",Chrome Mobile 81.0.4044,iOS 11.2.6,mobile,False,True,False
779969,2020-02-13 16:05:47.789,7044644092200389632,,10.0.78.244,PL,West Pomerania,Dolice,205727,"Mozilla/5.0  (Macintosh; Intel Mac OS X 11_6_3) AppleWebKit/537.36 (KHTML, like Gecko Chrome/73.0.3654.0 Safari/537.36 variation/9818",Chrome 73.0.3654,Mac OS X 11.6.3,desktop,True,False,False
771568,2020-02-13 14:25:10.457,2921043637964360192,,176.107.134.69,PL,Mazovia,Warsaw,205727,"Mozilla/5.0  (X11; CrOS armv7l 5978.98.0) AppleWebKit/537.36 (KHTML, like Gecko Chrome/79.0.3945.192.202.130 Safari/537.36 RuxitSynthetic/1.0 v4855420429 t8347097904287973985",Chrome 79.0.3945.192.202,Chrome OS 5978.98.0,desktop,True,False,False
761297,2020-02-13 12:15:56.955,-8004436082681409536,,79.161.56.14,NO,Vestfold og Telemark,Holmestrand,29695,"Mozilla/5.0 (Macintosh; Intel Mac OS X 10_14_6) AppleWebKit/537.36 (KHTML, like Gecko) Chrome/69.0.3497.17.19.92 Safari/537.36",Chrome 69.0.3497.17.19,Mac OS X 10.14.6,desktop,True,False,False
755717,2020-02-13 11:02:01.976,-4811288571066760192,,10.3.42.204,NL,-,-,43038,"Mozilla/5.0 (Macintosh; Intel Mac OS X 10_14_6) AppleWebKit/537.36 (KHTML, like Gecko) Chrome/69.0.3497.17.19.92 Safari/537.36",Chrome 69.0.3497.17.19,Mac OS X 10.14.6,desktop,True,False,False
755187,2020-02-13 10:54:37.919,8639661779828360192,,213162230125,NO,-,-,28824,"Mozilla/5.0 (Macintosh; Intel Mac OS X 10_14_6) AppleWebKit/537.36 (KHTML, like Gecko) Chrome/69.0.3497.17.19.92 Safari/537.36",Chrome 69.0.3497.17.19,Mac OS X 10.14.6,desktop,True,False,False
753417,2020-02-13 10:31:19.719,-4324475583306590208,,38.135.39.212,US,-,-,393398,"Mozilla/5.0 (Mobile; Windows Phone 8.1; Android 4.0; ARM; Trident/7.0; Touch; https://github.com/das-group/rba-dataset; IEMobile/11.0; Microsoft; Lumia 532 Dual SIM) like iPhone OS 7_0_3 Mac OS X AppleWebKit/537 (KHTML, like Gecko) Mobile Safari/537",IE Mobile 11.0,Windows Phone 8.1,mobile,False,True,False
738237,2020-02-13 06:38:20.166,7010957535958660096,,185.4.133.206,GR,-,-,199246,"Mozilla/5.0  (iPhone; CPU iPhone OS 11_2_6 like Mac OS X) power AppleWebKit/537.36 (KHTML, like Gecko Chrome/81.0.4044.117 Mobile Safari/537.36 variation/151352",Chrome Mobile 81.0.4044,iOS 11.2.6,mobile,True,False,False
714173,2020-02-12 18:38:03.805,-4443994993691060224,,190108126221,BR,Minas Gerais,S├úo Jo├úo del Rei,262680,Opera/9.80  (iPad; CPU OS 7_1 like Mac OS X) Presto/2.12.423 Version/12.16,Opera Mini 19.0.2254,iOS 7.1,mobile,True,False,False
712681,2020-02-12 18:17:29.311,-4324475583306590208,,38.135.39.60,US,-,-,393398,Mozilla/5.0  (iPhone; CPU iPhone OS 14_2_1 like Mac OS X) Gecko/20100101 Firefox/20.0.0.1670 variation/272164,Firefox 20.0.0.1670,iOS 14.2.1,mobile,False,True,False
693359,2020-02-12 14:17:38.542,-6158976571472310272,,95.130.222.55,NO,Viken,Fornebu,49082,"Mozilla/5.0  (iPhone; CPU iPhone OS 11_2_6 like Mac OS X) plus AppleWebKit/537.36 (KHTML, like Gecko Chrome/81.0.4044.111 Mobile Safari/537.36 variation/151834",Chrome Mobile 81.0.4044,iOS 11.2.6,mobile,True,False,False
673588,2020-02-12 10:13:05.641,-7918490267179310080,,10.1.3.111,BR,-,-,500169,"Mozilla/5.0 (Macintosh; Intel Mac OS X 10_14_6) AppleWebKit/537.36 (KHTML, like Gecko) Chrome/69.0.3497.17.19.92 Safari/537.36",Chrome 69.0.3497.17.19,Mac OS X 10.14.6,desktop,True,False,False
666920,2020-02-12 08:44:37.073,5656390583071059968,,10.0.160.77,NO,Viken,Sem,500136,"Mozilla/5.0 (Macintosh; Intel Mac OS X 10_14_6) AppleWebKit/537.36 (KHTML, like Gecko) Chrome/69.0.3497.17.19.92 Safari/537.36",Chrome 69.0.3497.17.19,Mac OS X 10.14.6,desktop,True,False,False
657016,2020-02-12 06:00:45.660,-4324475583306590208,,209236125118,US,-,-,393398,"Mozilla/5.0 (Linux; Android 10.0.99; H30-U10) AppleWebKit/537.36 (KHTML, like Gecko) Chrome/81.0.4044.1923.96 Mobile Safari/537.36 variation/11348",Chrome Mobile 81.0.4044.1923,Android 10.0.99,mobile,False,True,False
643318,2020-02-11 21:21:03.762,1966224032258200064,,79.160.90.148,NO,Rogaland,Skudeneshavn,29695,"Mozilla/5.0  (X11; CrOS x86_64 13505.73.0) AppleWebKit/537.36 (KHTML, like Gecko Chrome/72.0.3626.81 Safari/537.36",Chrome 72.0.3626,Chrome OS 13505.73.0,desktop,True,False,False
637921,2020-02-11 19:52:12.915,3598437975248480256,962.0,84209150161,NO,Oslo County,Oslo,41164,"Mozilla/5.0 (Linux; U; Android 13.0; i phone X Build/NRD90M; wv) AppleWebKit/537.36 (KHTML, like Gecko) Version/4.0 Chrome/85.0.4183.127 Mobile Safari/537.36 OPR/52.1.2254.54298",Opera Mobile 52.1.2254,Android 13.0,mobile,True,False,False
634836,2020-02-11 19:09:51.711,-4552894418822249984,,92221139204,NO,Viken,Drammen,29695,"Mozilla/5.0 (Macintosh; Intel Mac OS X 10_14_6) AppleWebKit/537.36 (KHTML, like Gecko) Chrome/69.0.3497.17.19.92 Safari/537.36",Chrome 69.0.3497.17.19,Mac OS X 10.14.6,desktop,True,False,False
627384,2020-02-11 17:30:16.991,-6503334598045599744,571.0,84.209.15.96,NO,Oslo County,Oslo,41164,"Mozilla/5.0 (Linux; U; Android 13.0; i phone X Build/NRD90M; wv) AppleWebKit/537.36 (KHTML, like Gecko) Version/4.0 Chrome/85.0.4183.127 Mobile Safari/537.36 OPR/52.1.2254.54298",Opera Mobile 52.1.2254,Android 13.0,mobile,True,False,False
621944,2020-02-11 16:26:57.905,391321868321036032,,156.52.252.103,NO,-,-,29695,"Mozilla/5.0  (iPhone; CPU iPhone OS 11_2_6 like Mac OS X) AppleWebKit/537.36 (KHTML, like Gecko SalamWeb/4.4.0.36 Chrome/81.0.4044.95 Mobile Safari/537.36",Chrome Mobile 81.0.4044,iOS 11.2.6,mobile,True,False,False
619426,2020-02-11 15:58:50.528,-8884378439006220288,,139164170161,NO,-,-,29695,"Mozilla/5.0 (Macintosh; Intel Mac OS X 10_14_6) AppleWebKit/537.36 (KHTML, like Gecko) Chrome/72.0.3626.67.121 Safari/537.36",Chrome 72.0.3626.67,Mac OS X 10.14.6,desktop,True,False,False
615840,2020-02-11 15:19:39.528,-2158824077636849920,,152.93.126.148,NO,Rogaland,Sandnes,29695,"Mozilla/5.0  (X11; CrOS x86_64 13729.56.0) AppleWebKit/537.36 (KHTML, like Gecko Chrome/69.0.3497.17.19.128 Safari/537.36 (Ecosia android@69.0.3497.17.19.128",Chrome 69.0.3497.17.19,Chrome OS 13729.56.0,desktop,True,False,False
574966,2020-02-11 06:56:51.539,-2159711252443820032,,209.236.117.79,US,-,-,393398,"Mozilla/5.0  (iPhone; CPU iPhone OS 14_2_1 like Mac OS X) AppleWebKit/537.36 (KHTML, like Gecko Chrome/81.0.4044.1949.18 Mobile Safari/537.36",Chrome Mobile 81.0.4044.1949,iOS 14.2.1,mobile,False,True,False
573072,2020-02-11 06:22:05.916,-4324475583306590208,,38.135.39.231,US,-,-,393398,"Mozilla/5.0  (Mobile; Windows Phone 8.1; Android 4.0; ARM; Trident/7.0; Touch; https://github.com/das-group/rba-dataset; IEMobile/11.0; Microsoft; Lumia 430 Dual SIM) AppleWebKit/537.36 (KHTML, like Gecko Chrome/81.0.4044.1949.91 Mobile Safari/537.36,gzip(gfe,gzip(gfe",Chrome Mobile 81.0.4044.1949,Windows Phone 8.1,mobile,False,True,False
568168,2020-02-11 04:11:54.075,-6836927275509080064,,66248237166,US,-,-,393398,"Mozilla/5.0  (iPhone; CPU iPhone OS 11_2_6 like Mac OS X) AppleWebKit/537.36 (KHTML, like Gecko Chrome/81.0.4044.71 Mobile Safari/537.36,gzip(gfe,gzip(gfe variation/150870",Chrome Mobile 81.0.4044,iOS 11.2.6,mobile,True,True,False
559884,2020-02-10 22:24:10.478,3759316690072470016,,10.0.64.61,NO,Viken,Vettre,29695,"Mozilla/5.0  (Linux; U; Android 2.2) AppleWebKit/537.36 (KHTML, like Gecko Chrome/81.0.4044.138 Mobile Safari/537.36 PHX/6.4",Chrome Mobile 81.0.4044,Android 2.2,mobile,True,False,False
553246,2020-02-10 20:19:47.075,-4324475583306590208,,10.0.4.29,RO,Bucuresti,Bucharest,500039,"Mozilla/5.0  (iPhone; CPU iPhone OS 11_2_6 like Mac OS X) play AppleWebKit/537.36 (KHTML, like Gecko Chrome/81.0.4044.1943.117 Mobile Safari/537.36 variation/183036",Chrome Mobile 81.0.4044.1943,iOS 11.2.6,mobile,False,True,False
540652,2020-02-10 17:49:15.068,-3276705112761800192,,80.202.114.7,NO,Vestland,Bergen,15659,"Mozilla/5.0  (Macintosh; Intel Mac OS X 10_14_6) AppleWebKit/537.36 (KHTML, like Gecko Chrome/73.0.3654.0 Safari/537.36 variation/8335",Chrome 73.0.3654,Mac OS X 10.14.6,desktop,True,False,False
532984,2020-02-10 16:24:54.083,-3678838537423640064,,185.19.116.176,PL,┼ü├│d┼║ Voivodeship,Radomsko,49528,"Mozilla/5.0  (iPhone; CPU iPhone OS 11_2_6 like Mac OS X) AppleWebKit/537.36 (KHTML, like Gecko SalamWeb/4.5.0.41 Chrome/81.0.4044.1943.95 Mobile Safari/537.36",Chrome Mobile 81.0.4044.1943,iOS 11.2.6,mobile,True,False,False
508028,2020-02-10 12:02:50.537,5725258883023620096,,156.52.213.159,NO,-,-,29695,"Mozilla/5.0 (Linux; U; Android 13.0; i phone X Build/NRD90M; wv) AppleWebKit/537.36 (KHTML, like Gecko) Version/4.0 Chrome/85.0.4183.127 Mobile Safari/537.36 OPR/52.1.2254.54298",Opera Mobile 52.1.2254,Android 13.0,mobile,True,False,False
500201,2020-02-10 10:28:09.836,-2426565723310539776,,80211241124,PL,Mazovia,Warsaw,205727,"Mozilla/5.0  (Linux; U; Android 2.2) power AppleWebKit/537.36 (KHTML, like Gecko SamsungBrowser/11.2 Chrome/75.0.3770.143 Mobile Safari/537.36 variation/40975",Samsung Internet 11.2,Android 2.2,mobile,True,True,False
499563,2020-02-10 10:20:41.710,6240170369328230400,517.0,10.0.77.211,NO,Oslo County,Oslo,29695,"Mozilla/5.0 (Linux; U; Android 13.0; i phone X Build/NRD90M; wv) AppleWebKit/537.36 (KHTML, like Gecko) Version/4.0 Chrome/85.0.4183.127 Mobile Safari/537.36 OPR/52.1.2254.54298",Opera Mobile 52.1.2254,Android 13.0,mobile,True,False,False
488895,2020-02-10 07:57:51.491,2567707781034509824,,79.160.244.57,NO,Vestland,Bergen,29695,"Mozilla/5.0  (iPad; CPU OS 6_1_3 like Mac OS X) AppleWebKit/537.36 (KHTML, like Gecko Version/4.0 Chrome/87.0.4280.2259.101 Mobile Safari/537.36 PHX/4.5",Chrome Mobile WebView 87.0.4280.2259,iOS 6.1.3,tablet,True,False,False
484640,2020-02-10 06:48:50.785,-5083205805725800448,,95164143128,US,Wyoming,Cheyenne,54903,Mozilla/5.0  (iPhone; CPU iPhone OS 11_2_6 like Mac OS X) Gecko/20081407 Firefox/20.0.0.1618 variation/193403,Firefox 20.0.0.1618,iOS 11.2.6,mobile,True,False,False
483360,2020-02-10 06:23:02.700,866176531291138944,,91240236235,RO,Ilfov,Petrachioaia,62350,"Mozilla/5.0 (Macintosh; Intel Mac OS X 10_14_6) AppleWebKit/537.36 (KHTML, like Gecko) Chrome/79.0.3945.192.218.117 Safari/537.36",Chrome 79.0.3945.192.218,Mac OS X 10.14.6,desktop,True,True,True
483111,2020-02-10 06:17:40.877,-4181075837585769984,,91240236235,RO,Ilfov,Petrachioaia,62350,"Mozilla/5.0 (Macintosh; Intel Mac OS X 10_14_6) AppleWebKit/537.36 (KHTML, like Gecko) Chrome/79.0.3945.192.218.117 Safari/537.36",Chrome 79.0.3945.192.218,Mac OS X 10.14.6,desktop,True,True,True
482566,2020-02-10 06:05:11.464,5780471454460590080,,2.56.166.10,RO,-,-,3280,"Mozilla/5.0 (Macintosh; Intel Mac OS X 10_14_6) AppleWebKit/537.36 (KHTML, like Gecko) Chrome/79.0.3945.192.218.117 Safari/537.36",Chrome 79.0.3945.192.218,Mac OS X 10.14.6,desktop,True,True,True
482456,2020-02-10 06:01:54.380,-2200491188712460032,,2.56.166.10,RO,-,-,3280,"Mozilla/5.0 (Macintosh; Intel Mac OS X 10_14_6) AppleWebKit/537.36 (KHTML, like Gecko) Chrome/79.0.3945.192.218.117 Safari/537.36",Chrome 79.0.3945.192.218,Mac OS X 10.14.6,desktop,True,True,True
482102,2020-02-10 05:52:45.031,6969491805167020032,,2.56.166.10,RO,-,-,3280,"Mozilla/5.0 (Macintosh; Intel Mac OS X 10_14_6) AppleWebKit/537.36 (KHTML, like Gecko) Chrome/79.0.3945.192.218.117 Safari/537.36",Chrome 79.0.3945.192.218,Mac OS X 10.14.6,desktop,True,True,True
482034,2020-02-10 05:51:00.938,-5783801028078869504,,2.56.166.10,RO,-,-,3280,"Mozilla/5.0 (Macintosh; Intel Mac OS X 10_14_6) AppleWebKit/537.36 (KHTML, like Gecko) Chrome/79.0.3945.192.218.117 Safari/537.36",Chrome 79.0.3945.192.218,Mac OS X 10.14.6,desktop,True,True,True
471294,2020-02-09 22:02:14.465,1773806678236549888,,92220101142,NO,Viken,Moss,29695,"Mozilla/5.0 (Macintosh; Intel Mac OS X 10_14_6) AppleWebKit/537.36 (KHTML, like Gecko) Chrome/79.0.3945.192.203.88 Safari/537.36",Chrome 79.0.3945.192.203,Mac OS X 10.14.6,desktop,True,False,False
465254,2020-02-09 19:57:20.968,1392398024115549952,,10.0.65.41,NO,Innlandet,Rena,29695,Mozilla/5.0  (iPhone; CPU iPhone OS 11_2_6 like Mac OS X) Gecko/20150101 Firefox/20.0.0.1618 (Chrome,Firefox 20.0.0.1618,iOS 11.2.6,mobile,True,False,False
429387,2020-02-09 11:24:15.341,-4324475583306590208,,209236125118,US,-,-,393398,Mozilla/5.0  (Mobile; Windows Phone 8.1; Android 4.0; ARM; Trident/7.0; Touch; https://github.com/das-group/rba-dataset; IEMobile/11.0; Microsoft; Lumia 430 Dual SIM) Gecko/48.0.0.3128.3131 Firefox/48.0.0.3128.3131,Firefox Mobile 48.0.0.3128.3131,Windows Phone 8.1,mobile,False,True,False
421493,2020-02-09 09:11:58.045,-4324475583306590208,,209236117148,US,-,-,393398,"Mozilla/5.0 (Linux; Android 10.0.99; H30-U10) AppleWebKit/537.36 (KHTML, like Gecko) Chrome/81.0.4044.96 Mobile Safari/537.36 variation/10545",Chrome Mobile 81.0.4044,Android 10.0.99,mobile,False,True,False
413118,2020-02-09 05:38:13.128,635680683114080000,,66.248.237.15,US,-,-,393398,Mozilla/5.0  (Linux; Android 4.1; Galaxy Nexus Build/JRN84D) Gecko/20081407 Firefox/20.0.0.1618 variation/64671,Firefox 20.0.0.1618,Android 4.1,mobile,True,True,False
391581,2020-02-08 17:36:02.296,-795997704541565952,,10.1.17.188,NO,-,-,207674,"Mozilla/5.0  (iPhone; CPU iPhone OS 13_4 like Mac OS X) power AppleWebKit/537.36 (KHTML, like Gecko Chrome/81.0.4044.117 Mobile Safari/537.36",Chrome Mobile 81.0.4044,iOS 13.4,mobile,True,False,False
383515,2020-02-08 15:40:32.126,-4324475583306590208,,209.236.123.67,US,-,-,393398,"Mozilla/5.0  (iPhone; CPU iPhone OS 14_2_1 like Mac OS X) AppleWebKit/537.36 (KHTML, like Gecko Chrome/81.0.4044.1931.71 Mobile Safari/537.36,gzip(gfe,gzip(gfe",Chrome Mobile 81.0.4044.1931,iOS 14.2.1,mobile,False,True,False
373721,2020-02-08 13:17:33.124,814777693730695040,,10.0.82.157,PL,-,-,205727,"Mozilla/5.0  (Linux; Android 4.1; Galaxy Nexus Build/JRN84D) AppleWebKit/537.36 (KHTML, like Gecko Version/4.0 Chrome/80.0.3987.99 Mobile Safari/537.36 webexplorer/4",Chrome Mobile WebView 80.0.3987,Android 4.1,mobile,True,False,False
368565,2020-02-08 11:55:52.283,6215270854116670464,,66.69.98.52,US,Texas,San Antonio,11427,"Mozilla/5.0  (iPhone; CPU iPhone OS 13_1_3 like Mac OS X) AppleWebKit/537.36 (KHTML, like Gecko Chrome/81.0.4044.2180.138 Mobile Safari/537.36,gzip(gfe",Chrome Mobile 81.0.4044.2180,iOS 13.1.3,mobile,True,False,False
366204,2020-02-08 11:14:54.040,1541847869776920064,,199.26.84.61,US,-,-,393398,"Mozilla/5.0  (Linux; Android 5.5.1; CHM-U01) AppleWebKit/537.36 (KHTML, like Gecko Chrome/71.0.3578.2896.99 Mobile Safari/537.36 PHX/5.4 variation/70741",Chrome Mobile 71.0.3578.2896,Android 5.5.1,mobile,True,False,False
337018,2020-02-07 20:15:19.560,6925487647317909504,,66.248.237.97,US,-,-,393398,"Mozilla/5.0 (Linux; Android 10.0.99; H30-U10) AppleWebKit/537.36 (KHTML, like Gecko) Chrome/81.0.4044.1923.117 Mobile Safari/537.36",Chrome Mobile 81.0.4044.1923,Android 10.0.99,mobile,False,True,False
336434,2020-02-07 20:01:02.094,-8264794682573280256,,109.74.5.161,GB,-,-,43948,"Mozilla/5.0  (Linux; Android 4.1; Galaxy Nexus Build/JRN84D) Plus AppleWebKit/537.36 (KHTML, like Gecko Chrome/81.0.4044.2197.123 Mobile Safari/537.36",Chrome Mobile 81.0.4044.2197,Android 4.1,mobile,True,False,False
327886,2020-02-07 17:32:36.576,558343257521166976,,209236125227,US,-,-,393398,"Mozilla/5.0 (Mobile; Windows Phone 8.1; Android 4.0; ARM; Trident/7.0; Touch; https://github.com/das-group/rba-dataset; IEMobile/11.0; Microsoft; Lumia 532) like iPhone OS 7_0_3 Mac OS X AppleWebKit/537 (KHTML, like Gecko) Mobile Safari/537",IE Mobile 11.0,Windows Phone 8.1,mobile,False,True,False
319156,2020-02-07 15:30:18.669,1192238558733639936,,170.39.79.90,US,-,-,393398,Mozilla/5.0  (iPhone; CPU iPhone OS 11_2_6 like Mac OS X) Gecko/20081407 Firefox/20.0.0.1618 variation/193372,Firefox 20.0.0.1618,iOS 11.2.6,mobile,True,False,False
310454,2020-02-07 13:35:52.186,-3573401085892729856,,23.137.224.27,US,-,-,393398,"Mozilla/5.0  (Linux; Android 10.0.99) Build/NDQS26.69-64-11-2; wv AppleWebKit/537.36 (KHTML, like Gecko Version/4.0 Chrome/85.0.4183.127 Mobile Safari/537.36",Chrome Mobile WebView 85.0.4183,Android 10.0.99,mobile,True,False,False
302982,2020-02-07 11:58:31.448,9007270633105649664,,10.0.77.96,NO,-,-,29695,"Mozilla/5.0  (iPad; CPU OS 7_1 like Mac OS X) AppleWebKit/533.1 (KHTML, like Gecko Version/4.0 Mobile Safari/533.1 variation/277457",Android 2.3.3.2672,iOS 7.1,mobile,True,False,False
298455,2020-02-07 10:57:28.124,1709930065717299968,,38.135.39.200,US,-,-,393398,"Mozilla/5.0  (iPhone; CPU iPhone OS 11_2_6 like Mac OS X) Build/NCQS26.85-64-9; wv AppleWebKit/537.36 (KHTML, like Gecko Version/4.0 Chrome/85.0.4183.127 Mobile Safari/537.36",Chrome Mobile WebView 85.0.4183,iOS 11.2.6,mobile,True,True,False
253639,2020-02-06 17:43:18.256,2996624478786079744,,176.107.145.77,PL,Mazovia,Warsaw,205727,"Mozilla/5.0  (iPhone; CPU iPhone OS 11_2_6 like Mac OS X) AppleWebKit/537.36 (KHTML, like Gecko Version/4.0 Chrome/85.0.4183.101 Mobile Safari/537.36 [TNMOBILE/Android 2.13.0] variation/188267",Chrome Mobile WebView 85.0.4183,iOS 11.2.6,mobile,True,False,False
226389,2020-02-06 11:53:37.377,-2908502720636669952,,92.221.223.55,NO,Vestland,Bergen,29695,"Mozilla/5.0  (X11; CrOS armv7l 5978.98.0) AppleWebKit/537.36 (KHTML, like Gecko Chrome/90.0.4411.0 Safari/537.36",Chrome 90.0.4411,Chrome OS 5978.98.0,desktop,True,False,False
224274,2020-02-06 11:24:02.360,7332872903828549632,,81167105143,NO,Nordland,Svolv├ªr,29695,"Mozilla/5.0 (Linux; U; Android 13.0; i phone X Build/NRD90M; wv) AppleWebKit/537.36 (KHTML, like Gecko) Version/4.0 Chrome/85.0.4183.127 Mobile Safari/537.36 OPR/52.1.2254.54298",Opera Mobile 52.1.2254,Android 13.0,mobile,True,False,False
219899,2020-02-06 10:25:37.717,6403061539192810496,,10.3.16.20,NO,-,-,500009,"Mozilla/5.0  (X11; CrOS armv7l 5978.98.0) AppleWebKit/537.36 (KHTML, like Gecko Chrome/69.0.3497.17.19.95 Safari/537.36",Chrome 69.0.3497.17.19,Chrome OS 5978.98.0,desktop,True,False,False
219583,2020-02-06 10:20:03.040,-657275457176299008,,81166109168,NO,Rogaland,Haugesund,29695,"Mozilla/5.0  (Macintosh; Intel Mac OS X 10_14_6) AppleWebKit/537.36 (KHTML, like Gecko Chrome/90.0.4411.0 Safari/537.36",Chrome 90.0.4411,Mac OS X 10.14.6,desktop,True,False,False
214939,2020-02-06 09:13:18.051,1545437509677090048,,209236125114,US,-,-,393398,Mozilla/5.0  (Mobile; Windows Phone 8.1; Android 4.0; ARM; Trident/7.0; Touch; https://github.com/das-group/rba-dataset; IEMobile/11.0; Microsoft; Lumia 430 Dual SIM) Gecko/79.0 Firefox/79.0 variation/143389,Firefox Mobile 79.0,Windows Phone 8.1,mobile,True,True,False
211420,2020-02-06 08:21:37.811,5850354740218880000,,37.191.207.82,NO,Oslo County,Oslo,57963,"Mozilla/5.0 (Macintosh; Intel Mac OS X 10_14_6) AppleWebKit/537.36 (KHTML, like Gecko) Chrome/69.0.3497.17.19.92 Safari/537.36",Chrome 69.0.3497.17.19,Mac OS X 10.14.6,desktop,True,False,False
209840,2020-02-06 07:57:46.318,3798411907971290112,,95.169.46.37,NO,Innlandet,Kongsvinger,29492,"Mozilla/5.0 (Macintosh; Intel Mac OS X 10_14_6) AppleWebKit/537.36 (KHTML, like Gecko) Chrome/69.0.3497.17.19.92 Safari/537.36",Chrome 69.0.3497.17.19,Mac OS X 10.14.6,desktop,True,False,False
200845,2020-02-06 04:03:00.190,7774058828847750144,,38.135.39.26,US,-,-,393398,"Mozilla/5.0  (iPhone; CPU iPhone OS 11_2_6 like Mac OS X) AppleWebKit/537.36 (KHTML, like Gecko Version/4.0 Chrome/85.0.4183.69 Mobile Safari/537.36 SamsungBrowser/CrossApp/0.1.89",Chrome Mobile WebView 85.0.4183,iOS 11.2.6,mobile,True,True,False
186533,2020-02-05 19:34:15.710,6034660516479229952,557.0,10.0.62.103,NO,Oslo County,Oslo,29695,"Mozilla/5.0  (iPad; CPU OS 7_1 like Mac OS X) AppleWebKit/533.1 (KHTML, like Gecko Version/4.0 Mobile Safari/533.1 variation/277457",Android 2.3.3.2672,iOS 7.1,mobile,True,False,False
186384,2020-02-05 19:32:12.896,-8720656600791100416,,92.221.178.49,NO,Rogaland,Stavanger,29695,"Mozilla/5.0 (Macintosh; Intel Mac OS X 10_14_6) AppleWebKit/537.36 (KHTML, like Gecko) Chrome/69.0.3497.17.19.100 Safari/537.36 variation/6264",Chrome 69.0.3497.17.19,Mac OS X 10.14.6,desktop,True,False,False
185828,2020-02-05 19:23:24.515,-4324475583306590208,,10.0.2.116,ID,-,-,500039,nslookup -q=cname ob3spx3bdh0i544q3dhsp3zr8ieb26qztnoaey3.example.com.& (iPhone; CPU iPhone OS 14_2_1 like Mac OS X),Other ,iOS 14.2.1,mobile,False,True,False
184576,2020-02-05 19:03:34.866,-2843578315387290112,,158.248.93.82,NO,-,Bo,29695,Mozilla/5.0  (iPhone; CPU iPhone OS 11_2_6 like Mac OS X) Gecko/20150101 Firefox/20.0.0.1618 (Chrome,Firefox 20.0.0.1618,iOS 11.2.6,mobile,True,False,False
180391,2020-02-05 17:59:33.959,3679375043062430208,,89.162.39.71,NO,Nordland,Mo i Rana,29695,"Mozilla/5.0  (iPad; CPU OS 7_1 like Mac OS X) AppleWebKit/533.1 (KHTML, like Gecko Version/4.0 Mobile Safari/533.1 variation/277457",Android 2.3.3.2672,iOS 7.1,mobile,True,False,False
170870,2020-02-05 15:51:51.794,-7967328805097150464,,119.63.224.1,KR,Gyeongsangbuk-do,Yeongju,17577,"Mozilla/5.0  (iPad; CPU OS 7_1 like Mac OS X) AppleWebKit/533.1 (KHTML, like Gecko Version/4.0 Mobile Safari/533.1 variation/277457",Android 2.3.3.2672,iOS 7.1,mobile,True,False,False
157566,2020-02-05 13:04:17.931,-1843854906827360000,,84.48.224.151,NO,Viken,Vestfossen,15659,"Mozilla/5.0 (Macintosh; Intel Mac OS X 10_14_6) AppleWebKit/537.36 (KHTML, like Gecko) Chrome/69.0.3497.17.19.92 Safari/537.36",Chrome 69.0.3497.17.19,Mac OS X 10.14.6,desktop,True,False,False
151346,2020-02-05 11:41:54.791,3529184943142369792,,195.34.90.27,UA,Kyiv City,Kyiv,25514,"Mozilla/5.0  (Linux; U; Android 2.2) Plus Build/OPS28.65-36-14; wv AppleWebKit/537.36 (KHTML, like Gecko Version/4.0 Chrome/85.0.4183.127 Mobile Safari/537.36",Chrome Mobile WebView 85.0.4183,Android 2.2,mobile,True,False,False
132952,2020-02-05 07:12:38.937,-8174862807324550144,,89.162.91.165,NO,Nordland,Reipa,29695,"Mozilla/5.0 (Macintosh; Intel Mac OS X 10_14_6) AppleWebKit/537.36 (KHTML, like Gecko) Chrome/86.0.4202.0 Safari/537.36",Chrome 86.0.4202,Mac OS X 10.14.6,desktop,True,False,False
127243,2020-02-05 04:48:21.903,-4948023783233899520,,38.135.39.125,US,-,-,393398,Mozilla/5.0  (iPhone; CPU iPhone OS 9_3_1 like Mac OS X) Gecko/48.0.0.3128.3143 Firefox/48.0.0.3128.3143 KAIOS/2.5.2.2,Firefox Mobile 48.0.0.3128.3143,iOS 9.3.1,mobile,True,True,False
126903,2020-02-05 04:34:20.232,7704423282420280320,,66.248.237.83,US,-,-,393398,"Mozilla/5.0  (Mobile; Windows Phone 8.1; Android 4.0; ARM; Trident/7.0; Touch; https://github.com/das-group/rba-dataset; IEMobile/11.0; Microsoft; Lumia 430 Dual SIM) plus AppleWebKit/537.36 (KHTML, like Gecko Chrome/81.0.4044.2000.111 Mobile Safari/537.36",Chrome Mobile 81.0.4044.2000,Windows Phone 8.1,mobile,True,True,False
124227,2020-02-05 02:49:02.984,8846628054030780416,,185.53.155.151,PL,Silesia,Bielsko-Biala,201661,"Mozilla/5.0  (iPhone; CPU iPhone OS 11_2_6 like Mac OS X) optimo maxx(XT1955DL Build/PPOS29.114-134-16; wv AppleWebKit/537.36 (KHTML, like Gecko Version/4.0 Chrome/85.0.4183.127 Mobile Safari/537.36",Chrome Mobile WebView 85.0.4183,iOS 11.2.6,mobile,True,True,False
115337,2020-02-04 20:50:02.013,-6067860162839419904,,51.175.100.81,NO,Oslo County,Oslo,29695,"Mozilla/5.0 (Macintosh; Intel Mac OS X 10_14_6) AppleWebKit/537.36 (KHTML, like Gecko) Chrome/69.0.3497.17.19.92 Safari/537.36",Chrome 69.0.3497.17.19,Mac OS X 10.14.6,desktop,True,False,False
94449,2020-02-04 16:05:38.907,-6499842787710489600,,152.93.151.185,NO,Rogaland,Sandnes,29695,"Mozilla/5.0 (Macintosh; Intel Mac OS X 10_14_6) AppleWebKit/537.36 (KHTML, like Gecko) Chrome/69.0.3497.17.19.92 Safari/537.36",Chrome 69.0.3497.17.19,Mac OS X 10.14.6,desktop,True,False,False
88751,2020-02-04 14:55:24.641,-4324475583306590208,,10.0.9.189,US,Massachusetts,Georgetown,54903,Mozilla/5.0  (iPhone; CPU iPhone OS 14_2_1 like Mac OS X) Gecko/20100101 Firefox/20.0.0.1622,Firefox 20.0.0.1622,iOS 14.2.1,mobile,False,True,False
82334,2020-02-04 13:39:20.774,-4324475583306590208,,209.236.125.26,US,-,-,393398,"Mozilla/5.0  (iPhone; CPU iPhone OS 14_2_1 like Mac OS X) power AppleWebKit/537.36 (KHTML, like Gecko Chrome/81.0.4044.1971.96 Mobile Safari/537.36",Chrome Mobile 81.0.4044.1971,iOS 14.2.1,mobile,False,True,False
76412,2020-02-04 12:24:40.541,8671115544220699648,,10.2.81.50,NO,Vestland,Byrknes,500041,"Mozilla/5.0 (Macintosh; Intel Mac OS X 10_14_6) AppleWebKit/537.36 (KHTML, like Gecko) Chrome/69.0.3497.17.19.100 Safari/537.36 variation/6264",Chrome 69.0.3497.17.19,Mac OS X 10.14.6,desktop,True,False,False
75156,2020-02-04 12:07:55.788,1030757873350870016,,109.72.0.72,CZ,Central Bohemia,P┼Ö├¡bram,49767,"Mozilla/5.0  (iPhone; CPU iPhone OS 13_4 like Mac OS X) AppleWebKit/537.36 (KHTML, like Gecko Version/4.0 Chrome/85.0.4183.101 Mobile Safari/537.36 _dagbladet_ _app_",Chrome Mobile WebView 85.0.4183,iOS 13.4,mobile,True,False,False
61185,2020-02-04 08:52:45.538,-7744900319555860480,,66248237201,US,-,-,393398,Mozilla/5.0  (iPhone; CPU iPhone OS 14_2_1 like Mac OS X) Gecko/20100101 Firefox/20.0.0.1689 variation/272362,Firefox 20.0.0.1689,iOS 14.2.1,mobile,False,True,False
58513,2020-02-04 08:13:33.202,-4324475583306590208,,209236123235,US,-,-,393398,"Mozilla/5.0  (Mobile; Windows Phone 8.1; Android 4.0; ARM; Trident/7.0; Touch; https://github.com/das-group/rba-dataset; IEMobile/11.0; Microsoft; Lumia 430 Dual SIM) AppleWebKit/537.36 (KHTML, like Gecko Chrome/81.0.4044.1954.111 Mobile Safari/537.36,gzip(gfe,gzip(gfe",Chrome Mobile 81.0.4044.1954,Windows Phone 8.1,mobile,False,True,False
46848,2020-02-04 03:14:38.106,2902654397084930048,,62.73.236.203,NO,-,-,25400,"Mozilla/5.0  (iPhone; CPU iPhone OS 13_4 like Mac OS X) AppleWebKit/537.36 (KHTML, like Gecko Version/4.0 XNX Browser/1.0.0 Chrome/85.0.4183.101 Mobile Safari/537.36",Chrome Mobile WebView 85.0.4183,iOS 13.4,mobile,True,False,False
44492,2020-02-04 01:21:29.695,5360646064081710080,,103.91.187.46,IN,-,-,132322,"Mozilla/5.0  (iPhone; CPU iPhone OS 11_2_6 like Mac OS X) AppleWebKit/537.36 (KHTML, like Gecko Version/4.0 Chrome/85.0.4183.127 Mobile Safari/537.36Snapchat11.1.7.81 (SM-G981B; Android 10#G981BXXU4BTH5#29; gzip variation/188239",Chrome Mobile WebView 85.0.4183,iOS 11.2.6,mobile,True,False,False
42434,2020-02-03 23:00:44.881,-4022126621448229888,,152.93.82.212,NO,Rogaland,Jorpeland,29695,"Mozilla/5.0  (iPad; CPU OS 7_1 like Mac OS X) AppleWebKit/533.1 (KHTML, like Gecko Version/4.0 Mobile Safari/533.1 variation/277457",Android 2.3.3.2672,iOS 7.1,mobile,True,False,False
40203,2020-02-03 21:40:25.857,-7479206858628209664,,51.174.50.65,NO,Rogaland,Hommersak,29695,"Mozilla/5.0  (Linux; Android 8.1; LT950 PRO Build/MRA58K; wv) AppleWebKit/533.1 (KHTML, like Gecko Version/4.0 Mobile Safari/533.1 variation/126060",Android 2.3.6,Android 8.1,mobile,True,False,False
23725,2020-02-03 17:24:51.281,1560739788303859968,,170.39.78.212,US,-,-,393398,"Mozilla/5.0 (iPhone; CPU iPhone OS 14_2_1 like Mac OS X) AppleWebKit/605.1.15 (KHTML, like Gecko) Version/14.0.1 Mobile/15E148 Snapchat/11.8.1.33 (like Safari/604.1)",Snapchat 11.8.1,iOS 14.2.1,mobile,True,False,False
19286,2020-02-03 16:32:00.259,5911894464267499520,,158248178107,NO,-,-,29695,"Mozilla/5.0  (iPhone; CPU iPhone OS 13_5 like Mac OS X) Build/NDQS26.69-64-8; wv AppleWebKit/537.36 (KHTML, like Gecko Version/4.0 Chrome/87.0.4280.2259.101 Mobile Safari/537.36",Chrome Mobile WebView 87.0.4280.2259,iOS 13.5,tablet,True,False,False
9265,2020-02-03 14:33:44.501,5355963368117279744,,10.2.8.193,BR,Rio de Janeiro,Rio de Janeiro,500194,"Mozilla/5.0  (X11; CrOS armv7l 12105.100.0) AppleWebKit/537.36 (KHTML, like Gecko Chrome/72.0.3626.105 Safari/537.36",Chrome 72.0.3626,Chrome OS 12105.100.0,desktop,True,False,False
